{"_id":{"$oid":"5e21eb93045dd0228c825f64"},"c_id":{"$numberInt":"1"},"name":"jec","city":"jbp","email":"college@gmail.com","password":"1111"}
{"_id":{"$oid":"5e23d82802a38b170035e091"},"c_id":{"$numberInt":"2"},"name":"ggits","city":"jbp","email":"college2@gmail.com","password":"1111"}
{"_id":{"$oid":"5e23d84202a38b170035e092"},"c_id":{"$numberInt":"3"},"name":"ggct","city":"jbp","email":"college3@gmail.com","password":"1111"}
{"_id":{"$oid":"5e23d85102a38b170035e093"},"c_id":{"$numberInt":"4"},"name":"ggct","city":"jbp","email":"college4@gmail.com","password":"1111"}
{"_id":{"$oid":"5e23d8a902a38b170035e094"},"c_id":{"$numberInt":"5"},"name":"srm","city":"jbp","email":"college5@gmail.com","password":"1111"}
