{"_id":{"$oid":"5e21f57b3d250011946e0414"},"e_id":{"$numberInt":"1"},"c_id":{"$numberInt":"1"},"student_list":[{"$numberInt":"1"}],"total_attendant":{"$numberInt":"10"},"description":"tech fest on 25 oct ","date":{"$date":{"$numberLong":"1579199400000"}},"venue":"jashan","des_link":"","title":"grndeve"}
{"_id":{"$oid":"5e231b7638c72118d8eba0fa"},"e_id":{"$numberInt":"2"},"c_id":{"$numberInt":"1"},"student_list":[{"$numberInt":"1"}],"total_attendant":{"$numberInt":"10"},"description":"tech fest on 25 oct ","date":{"$date":{"$numberLong":"1579199400000"}},"venue":"jashan","des_link":"","title":"grndeve"}
{"_id":{"$oid":"5e231b8038c72118d8eba0fb"},"e_id":{"$numberInt":"3"},"c_id":{"$numberInt":"1"},"student_list":[{"$numberInt":"1"}],"total_attendant":{"$numberInt":"10"},"description":"tech fest on 25 oct ","date":{"$date":{"$numberLong":"1579199400000"}},"venue":"jashan","des_link":"","title":"grndeve"}
{"_id":{"$oid":"5e23d8d902a38b170035e095"},"e_id":{"$numberInt":"4"},"c_id":{"$numberInt":"2"},"student_list":[{"$numberInt":"1"}],"total_attendant":{"$numberInt":"10"},"description":"tech fest on 25 oct ","date":{"$date":{"$numberLong":"1579199400000"}},"venue":"jashan","des_link":"","title":"grndeve"}
{"_id":{"$oid":"5e23d8ee02a38b170035e096"},"e_id":{"$numberInt":"4"},"c_id":{"$numberInt":"2"},"student_list":[{"$numberInt":"1"}],"total_attendant":{"$numberInt":"10"},"description":"tech fest on 25 oct ","date":{"$date":{"$numberLong":"1579199400000"}},"venue":"jashan","des_link":"","title":"grndeve"}
{"_id":{"$oid":"5e23d8fc02a38b170035e097"},"e_id":{"$numberInt":"5"},"c_id":{"$numberInt":"2"},"student_list":[{"$numberInt":"1"}],"total_attendant":{"$numberInt":"10"},"description":"tech fest on 25 oct ","date":{"$date":{"$numberLong":"1579199400000"}},"venue":"jashan","des_link":"","title":"grndeve"}
