{"_id":{"$oid":"5e234eaf7e27020f0005ef38"},"s_id":{"$numberInt":"2"},"name":"jec","passing_year":"38748","branch":"kdk","c_id":{"$numberInt":"1"},"current_city":"","current_organization":"tata","gender":null,"hometown_city":"","profile_img":"","social_media_profile":"https://www.linkedin.com/in/himanshu-somani/","email":"student2@gmail.com","mobile":null,"password":"1111","v_status":{"$numberInt":"0"}}
{"_id":{"$oid":"5e23623bf0c9116a8869ba6d"},"s_id":{"$numberInt":"3"},"name":"jec","passing_year":"38748","branch":"kdk","c_id":{"$numberInt":"1"},"current_city":"","current_organization":"tata","gender":null,"hometown_city":"","profile_img":"","social_media_profile":"","email":"student3@gmail.com","mobile":null,"password":"1111","v_status":{"$numberInt":"0"}}
{"_id":{"$oid":"5e23624ff0c9116a8869ba6e"},"s_id":{"$numberInt":"4"},"name":"jec","passing_year":"38748","branch":"kdk","c_id":{"$numberInt":"1"},"current_city":"","current_organization":"tata","gender":null,"hometown_city":"","profile_img":"","social_media_profile":"https://www.linkedin.com/in/shrikanth-naik-a18491116/","email":"student4@gmail.com","mobile":null,"password":"1111","v_status":{"$numberInt":"0"}}
{"_id":{"$oid":"5e2362b0f0c9116a8869ba70"},"s_id":{"$numberInt":"5"},"name":"jec","passing_year":"38748","branch":"kdk","c_id":{"$numberInt":"1"},"current_city":"","current_organization":"tata","gender":null,"hometown_city":"","profile_img":"","social_media_profile":"","email":"student5@gmail.com","mobile":null,"password":"1111","v_status":{"$numberInt":"0"}}
{"_id":{"$oid":"5e2362cdf0c9116a8869ba71"},"s_id":{"$numberInt":"1"},"name":"jec","passing_year":"38748","branch":"kdk","c_id":{"$numberInt":"1"},"current_city":"","current_organization":"tata","gender":null,"hometown_city":"","profile_img":"","social_media_profile":"","email":"student1@gmail.com","mobile":null,"password":"1111","v_status":{"$numberInt":"0"}}
{"_id":{"$oid":"5e23d60602a38b170035e081"},"s_id":{"$numberInt":"6"},"name":"jec","passing_year":"38748","branch":"kdk","c_id":{"$numberInt":"2"},"current_city":"","current_organization":"tata","gender":null,"hometown_city":"","profile_img":"","social_media_profile":"","email":"student1@gmail.com","mobile":null,"password":"1111","v_status":{"$numberInt":"0"}}
{"_id":{"$oid":"5e23d62202a38b170035e082"},"s_id":{"$numberInt":"7"},"name":"srm","passing_year":"38748","branch":"kdk","c_id":{"$numberInt":"2"},"current_city":"","current_organization":"tata","gender":null,"hometown_city":"","profile_img":"","social_media_profile":"","email":"student1@gmail.com","mobile":null,"password":"1111","v_status":{"$numberInt":"0"}}
{"_id":{"$oid":"5e23d63a02a38b170035e083"},"s_id":{"$numberInt":"8"},"name":"srm","passing_year":"38748","branch":"kdk","c_id":{"$numberInt":"2"},"current_city":"","current_organization":"tata","gender":null,"hometown_city":"","profile_img":"","social_media_profile":"","email":"student8@gmail.com","mobile":null,"password":"1111","v_status":{"$numberInt":"0"}}
{"_id":{"$oid":"5e23d64a02a38b170035e084"},"s_id":{"$numberInt":"9"},"name":"srm","passing_year":"38748","branch":"kdk","c_id":{"$numberInt":"2"},"current_city":"","current_organization":"tata","gender":null,"hometown_city":"","profile_img":"","social_media_profile":"","email":"student9@gmail.com","mobile":null,"password":"1111","v_status":{"$numberInt":"0"}}
{"_id":{"$oid":"5e23d66f02a38b170035e085"},"s_id":{"$numberInt":"10"},"name":"srm","passing_year":"38748","branch":"kdk","c_id":{"$numberInt":"2"},"current_city":"","current_organization":"tata","gender":null,"hometown_city":"","profile_img":"","social_media_profile":"","email":"student10@gmail.com","mobile":null,"password":"1111","v_status":{"$numberInt":"0"}}
{"_id":{"$oid":"5e23d69c02a38b170035e086"},"s_id":{"$numberInt":"11"},"name":"surya","passing_year":"38748","branch":"kdk","c_id":{"$numberInt":"3"},"current_city":"","current_organization":"tata","gender":null,"hometown_city":"","profile_img":"","social_media_profile":"","email":"student10@gmail.com","mobile":null,"password":"1111","v_status":{"$numberInt":"0"}}
{"_id":{"$oid":"5e23d6b002a38b170035e087"},"s_id":{"$numberInt":"12"},"name":"surya","passing_year":"38748","branch":"kdk","c_id":{"$numberInt":"3"},"current_city":"","current_organization":"tata","gender":null,"hometown_city":"","profile_img":"","social_media_profile":"","email":"student12@gmail.com","mobile":null,"password":"1111","v_status":{"$numberInt":"0"}}
{"_id":{"$oid":"5e23d6c802a38b170035e088"},"s_id":{"$numberInt":"13"},"name":"surya","passing_year":"38748","branch":"kdk","c_id":{"$numberInt":"3"},"current_city":"","current_organization":"tata","gender":null,"hometown_city":"","profile_img":"","social_media_profile":"","email":"student13@gmail.com","mobile":null,"password":"1111","v_status":{"$numberInt":"0"}}
{"_id":{"$oid":"5e23d70702a38b170035e089"},"s_id":{"$numberInt":"13"},"name":"surya","passing_year":"38748","branch":"kdk","c_id":{"$numberInt":"3"},"current_city":"","current_organization":"tata","gender":null,"hometown_city":"","profile_img":"","social_media_profile":"","email":"student13@gmail.com","mobile":null,"password":"1111","v_status":{"$numberInt":"0"}}
{"_id":{"$oid":"5e23d71702a38b170035e08a"},"s_id":{"$numberInt":"14"},"name":"surya","passing_year":"38748","branch":"kdk","c_id":{"$numberInt":"3"},"current_city":"","current_organization":"tata","gender":null,"hometown_city":"","profile_img":"","social_media_profile":"","email":"student14@gmail.com","mobile":null,"password":"1111","v_status":{"$numberInt":"0"}}
{"_id":{"$oid":"5e23d72a02a38b170035e08b"},"s_id":{"$numberInt":"15"},"name":"surya","passing_year":"38748","branch":"kdk","c_id":{"$numberInt":"3"},"current_city":"","current_organization":"tata","gender":null,"hometown_city":"","profile_img":"","social_media_profile":"","email":"student15@gmail.com","mobile":null,"password":"1111","v_status":{"$numberInt":"0"}}
{"_id":{"$oid":"5e23d74002a38b170035e08c"},"s_id":{"$numberInt":"16"},"name":"surya","passing_year":"38748","branch":"kdk","c_id":{"$numberInt":"4"},"current_city":"","current_organization":"tata","gender":null,"hometown_city":"","profile_img":"","social_media_profile":"","email":"student116@gmail.com","mobile":null,"password":"1111","v_status":{"$numberInt":"0"}}
{"_id":{"$oid":"5e23d75c02a38b170035e08d"},"s_id":{"$numberInt":"17"},"name":"surya","passing_year":"38748","branch":"kdk","c_id":{"$numberInt":"4"},"current_city":"","current_organization":"tata","gender":null,"hometown_city":"","profile_img":"","social_media_profile":"","email":"student17@gmail.com","mobile":null,"password":"1111","v_status":{"$numberInt":"0"}}
{"_id":{"$oid":"5e23d76f02a38b170035e08e"},"s_id":{"$numberInt":"18"},"name":"surya","passing_year":"38748","branch":"kdk","c_id":{"$numberInt":"4"},"current_city":"","current_organization":"tata","gender":null,"hometown_city":"","profile_img":"","social_media_profile":"","email":"student18@gmail.com","mobile":null,"password":"1111","v_status":{"$numberInt":"0"}}
{"_id":{"$oid":"5e23d78902a38b170035e08f"},"s_id":{"$numberInt":"19"},"name":"surya","passing_year":"38748","branch":"kdk","c_id":{"$numberInt":"4"},"current_city":"","current_organization":"tata","gender":null,"hometown_city":"","profile_img":"","social_media_profile":"","email":"student19@gmail.com","mobile":null,"password":"1111","v_status":{"$numberInt":"0"}}
{"_id":{"$oid":"5e23d79c02a38b170035e090"},"s_id":{"$numberInt":"20"},"name":"surya","passing_year":"38748","branch":"kdk","c_id":{"$numberInt":"4"},"current_city":"","current_organization":"tata","gender":null,"hometown_city":"","profile_img":"","social_media_profile":"","email":"student20@gmail.com","mobile":null,"password":"1111","v_status":{"$numberInt":"0"}}
